algorithme,instance,run,f
hill_climbing,0,0,-12661.517913
hill_climbing,0,1,-12641.04282
hill_climbing,0,2,-12326.120973
hill_climbing,0,3,-12551.963776
hill_climbing,0,4,-11983.506524
hill_climbing,0,5,-12670.453221
hill_climbing,0,6,-12292.02681
hill_climbing,0,7,-11597.337033
hill_climbing,0,8,-12395.629537
hill_climbing,0,9,-12699.541368
hill_climbing,0,10,-10750.840778
hill_climbing,0,11,-11275.51667
hill_climbing,0,12,-11881.707242
hill_climbing,0,13,-12669.879012
hill_climbing,0,14,-11253.986371
hill_climbing,0,15,-11699.971314
hill_climbing,0,16,-12219.997269
hill_climbing,0,17,-12196.049775
hill_climbing,0,18,-11919.438015
hill_climbing,0,19,-11936.230541
hill_climbing,0,20,-12076.039721
hill_climbing,0,21,-12099.89562
hill_climbing,0,22,-12828.561797
hill_climbing,0,23,-12762.502553
hill_climbing,0,24,-12198.613262
hill_climbing,0,25,-11969.05035
hill_climbing,0,26,-12503.350147
hill_climbing,0,27,-12069.836715
hill_climbing,0,28,-11618.367164
hill_climbing,0,29,-12385.612068
hill_climbing,1,0,-17606.514673
hill_climbing,1,1,-16934.986104
hill_climbing,1,2,-16143.985649
hill_climbing,1,3,-16640.921239
hill_climbing,1,4,-16404.780136
hill_climbing,1,5,-17420.033827
hill_climbing,1,6,-16517.413921
hill_climbing,1,7,-16079.385415
hill_climbing,1,8,-16543.920903
hill_climbing,1,9,-16662.505315
hill_climbing,1,10,-16388.536906
hill_climbing,1,11,-16785.535427
hill_climbing,1,12,-17081.349903
hill_climbing,1,13,-15896.183947
hill_climbing,1,14,-16101.27826
hill_climbing,1,15,-16244.810698
hill_climbing,1,16,-16191.562886
hill_climbing,1,17,-16787.740118
hill_climbing,1,18,-17057.188897
hill_climbing,1,19,-15668.206713
hill_climbing,1,20,-16378.263211
hill_climbing,1,21,-16031.289783
hill_climbing,1,22,-16278.621804
hill_climbing,1,23,-16466.012394
hill_climbing,1,24,-16962.639556
hill_climbing,1,25,-16472.681111
hill_climbing,1,26,-16474.814268
hill_climbing,1,27,-16768.14269
hill_climbing,1,28,-15811.617645
hill_climbing,1,29,-16916.807214
hill_climbing,2,0,-17373.421002
hill_climbing,2,1,-15790.379421
hill_climbing,2,2,-16810.978106
hill_climbing,2,3,-17345.380001
hill_climbing,2,4,-17393.946162
hill_climbing,2,5,-16918.792377
hill_climbing,2,6,-17511.59336
hill_climbing,2,7,-16728.21557
hill_climbing,2,8,-16885.694395
hill_climbing,2,9,-16891.799558
hill_climbing,2,10,-17890.94867
hill_climbing,2,11,-16866.542163
hill_climbing,2,12,-17395.902561
hill_climbing,2,13,-18092.057281
hill_climbing,2,14,-17453.084439
hill_climbing,2,15,-17296.291547
hill_climbing,2,16,-16358.884558
hill_climbing,2,17,-16466.142624
hill_climbing,2,18,-17609.709552
hill_climbing,2,19,-17459.158935
hill_climbing,2,20,-17664.508388
hill_climbing,2,21,-17882.563258
hill_climbing,2,22,-17288.159806
hill_climbing,2,23,-17577.869066
hill_climbing,2,24,-17468.761439
hill_climbing,2,25,-16685.894674
hill_climbing,2,26,-17331.116479
hill_climbing,2,27,-16370.782018
hill_climbing,2,28,-17694.777712
hill_climbing,2,29,-17694.414454
hill_climbing,3,0,-24361.336974
hill_climbing,3,1,-22507.143313
hill_climbing,3,2,-22295.779362
hill_climbing,3,3,-20989.85676
hill_climbing,3,4,-21937.864373
hill_climbing,3,5,-23451.581329
hill_climbing,3,6,-21748.47319
hill_climbing,3,7,-22272.379321
hill_climbing,3,8,-23805.903796
hill_climbing,3,9,-22124.381574
hill_climbing,3,10,-21848.728795
hill_climbing,3,11,-21685.801383
hill_climbing,3,12,-21035.509274
hill_climbing,3,13,-22762.659269
hill_climbing,3,14,-21592.692338
hill_climbing,3,15,-23279.819887
hill_climbing,3,16,-21428.448055
hill_climbing,3,17,-21637.273057
hill_climbing,3,18,-22293.411244
hill_climbing,3,19,-23688.622558
hill_climbing,3,20,-22537.236797
hill_climbing,3,21,-22979.580444
hill_climbing,3,22,-22494.254267
hill_climbing,3,23,-21036.038206
hill_climbing,3,24,-22601.389892
hill_climbing,3,25,-21754.063064
hill_climbing,3,26,-22202.733075
hill_climbing,3,27,-22558.635773
hill_climbing,3,28,-22374.151772
hill_climbing,3,29,-22870.496724
hill_climbing,4,0,-14999.164459
hill_climbing,4,1,-14741.192319
hill_climbing,4,2,-14589.589814
hill_climbing,4,3,-14535.64912
hill_climbing,4,4,-14387.144177
hill_climbing,4,5,-15665.265941
hill_climbing,4,6,-15428.590967
hill_climbing,4,7,-16022.18181
hill_climbing,4,8,-13916.347687
hill_climbing,4,9,-14662.695983
hill_climbing,4,10,-14373.629047
hill_climbing,4,11,-15152.856972
hill_climbing,4,12,-15632.663614
hill_climbing,4,13,-14714.226591
hill_climbing,4,14,-16365.549884
hill_climbing,4,15,-15231.08147
hill_climbing,4,16,-14401.006172
hill_climbing,4,17,-14495.533441
hill_climbing,4,18,-15712.472965
hill_climbing,4,19,-14839.703364
hill_climbing,4,20,-16006.374135
hill_climbing,4,21,-13902.677484
hill_climbing,4,22,-14930.625154
hill_climbing,4,23,-14541.387152
hill_climbing,4,24,-14807.446606
hill_climbing,4,25,-14713.739896
hill_climbing,4,26,-15941.666203
hill_climbing,4,27,-15606.617182
hill_climbing,4,28,-14586.446992
hill_climbing,4,29,-13790.104205
hill_climbing,5,0,-21294.497072
hill_climbing,5,1,-20340.023775
hill_climbing,5,2,-22160.841659
hill_climbing,5,3,-21381.776511
hill_climbing,5,4,-21945.244823
hill_climbing,5,5,-23220.897681
hill_climbing,5,6,-19973.155662
hill_climbing,5,7,-21473.863961
hill_climbing,5,8,-21753.067122
hill_climbing,5,9,-21952.26647
hill_climbing,5,10,-21542.534214
hill_climbing,5,11,-21946.111168
hill_climbing,5,12,-21995.195642
hill_climbing,5,13,-21086.004018
hill_climbing,5,14,-21642.397895
hill_climbing,5,15,-19685.232769
hill_climbing,5,16,-20780.372686
hill_climbing,5,17,-21383.258961
hill_climbing,5,18,-20319.921691
hill_climbing,5,19,-20410.801678
hill_climbing,5,20,-20922.162797
hill_climbing,5,21,-21467.420358
hill_climbing,5,22,-21107.536736
hill_climbing,5,23,-21362.694769
hill_climbing,5,24,-19502.657173
hill_climbing,5,25,-21302.940446
hill_climbing,5,26,-21125.524574
hill_climbing,5,27,-20438.377164
hill_climbing,5,28,-21065.871212
hill_climbing,5,29,-21103.50144
hill_climbing,6,0,-23103.870452
hill_climbing,6,1,-23754.130431
hill_climbing,6,2,-20245.297181
hill_climbing,6,3,-23007.830225
hill_climbing,6,4,-24965.617092
hill_climbing,6,5,-23086.595545
hill_climbing,6,6,-22632.745481
hill_climbing,6,7,-21794.635007
hill_climbing,6,8,-22088.722534
hill_climbing,6,9,-24476.292187
hill_climbing,6,10,-24059.400596
hill_climbing,6,11,-23794.528317
hill_climbing,6,12,-22575.329236
hill_climbing,6,13,-23565.148234
hill_climbing,6,14,-24497.158357
hill_climbing,6,15,-22716.387863
hill_climbing,6,16,-24087.165106
hill_climbing,6,17,-24714.593797
hill_climbing,6,18,-20742.911507
hill_climbing,6,19,-21967.864379
hill_climbing,6,20,-22932.022649
hill_climbing,6,21,-22830.959859
hill_climbing,6,22,-22330.069998
hill_climbing,6,23,-21747.173531
hill_climbing,6,24,-22129.408578
hill_climbing,6,25,-20719.187307
hill_climbing,6,26,-22109.968856
hill_climbing,6,27,-22558.815816
hill_climbing,6,28,-23144.392365
hill_climbing,6,29,-21810.02016
hill_climbing,7,0,-33337.518639
hill_climbing,7,1,-33392.818154
hill_climbing,7,2,-33486.914139
hill_climbing,7,3,-32038.489382
hill_climbing,7,4,-32282.963125
hill_climbing,7,5,-32493.679443
hill_climbing,7,6,-32569.20913
hill_climbing,7,7,-32999.088987
hill_climbing,7,8,-31701.637982
hill_climbing,7,9,-33691.358048
hill_climbing,7,10,-33700.671012
hill_climbing,7,11,-34478.442595
hill_climbing,7,12,-31517.00375
hill_climbing,7,13,-33641.709068
hill_climbing,7,14,-33140.861611
hill_climbing,7,15,-30913.835806
hill_climbing,7,16,-32351.83722
hill_climbing,7,17,-32937.37754
hill_climbing,7,18,-33009.596234
hill_climbing,7,19,-31004.590441
hill_climbing,7,20,-34720.091146
hill_climbing,7,21,-32367.481783
hill_climbing,7,22,-32616.654813
hill_climbing,7,23,-31857.145305
hill_climbing,7,24,-33259.272167
hill_climbing,7,25,-33331.778625
hill_climbing,7,26,-33134.222903
hill_climbing,7,27,-31112.976904
hill_climbing,7,28,-30325.428667
hill_climbing,7,29,-32646.95937
hill_climbing,8,0,-23422.887685
hill_climbing,8,1,-22863.238274
hill_climbing,8,2,-20391.612126
hill_climbing,8,3,-21575.93033
hill_climbing,8,4,-23024.841972
hill_climbing,8,5,-22807.155276
hill_climbing,8,6,-21648.600936
hill_climbing,8,7,-22845.043766
hill_climbing,8,8,-22439.37234
hill_climbing,8,9,-22643.984927
hill_climbing,8,10,-22283.550415
hill_climbing,8,11,-21230.278536
hill_climbing,8,12,-23439.64595
hill_climbing,8,13,-21927.106102
hill_climbing,8,14,-24393.051332
hill_climbing,8,15,-21556.217392
hill_climbing,8,16,-21611.043159
hill_climbing,8,17,-22768.64645
hill_climbing,8,18,-22990.522348
hill_climbing,8,19,-20613.053695
hill_climbing,8,20,-23373.163716
hill_climbing,8,21,-22923.209653
hill_climbing,8,22,-21972.88816
hill_climbing,8,23,-22126.884686
hill_climbing,8,24,-21723.143741
hill_climbing,8,25,-22767.290537
hill_climbing,8,26,-21370.056093
hill_climbing,8,27,-22901.253209
hill_climbing,8,28,-22298.907562
hill_climbing,8,29,-22998.00649
hill_climbing,9,0,-29180.706623
hill_climbing,9,1,-31345.925243
hill_climbing,9,2,-29428.865758
hill_climbing,9,3,-31450.428666
hill_climbing,9,4,-31271.392404
hill_climbing,9,5,-29615.281447
hill_climbing,9,6,-28782.773105
hill_climbing,9,7,-31310.983153
hill_climbing,9,8,-30363.700351
hill_climbing,9,9,-33939.70589
hill_climbing,9,10,-29517.530655
hill_climbing,9,11,-31637.359135
hill_climbing,9,12,-27968.557609
hill_climbing,9,13,-30832.591112
hill_climbing,9,14,-29852.314436
hill_climbing,9,15,-30761.318099
hill_climbing,9,16,-30804.613814
hill_climbing,9,17,-30272.14961
hill_climbing,9,18,-28808.448678
hill_climbing,9,19,-32022.562045
hill_climbing,9,20,-29309.980572
hill_climbing,9,21,-30446.377563
hill_climbing,9,22,-28710.334173
hill_climbing,9,23,-31103.151854
hill_climbing,9,24,-27206.431009
hill_climbing,9,25,-30938.803249
hill_climbing,9,26,-29189.593244
hill_climbing,9,27,-31003.070144
hill_climbing,9,28,-28445.598324
hill_climbing,9,29,-29286.665255
hill_climbing,10,0,-31051.111972
hill_climbing,10,1,-33879.01538
hill_climbing,10,2,-32898.076662
hill_climbing,10,3,-32431.105371
hill_climbing,10,4,-32047.405174
hill_climbing,10,5,-32751.107788
hill_climbing,10,6,-33857.798556
hill_climbing,10,7,-32805.943018
hill_climbing,10,8,-33784.560358
hill_climbing,10,9,-31927.374208
hill_climbing,10,10,-31717.037167
hill_climbing,10,11,-33227.621369
hill_climbing,10,12,-33360.523233
hill_climbing,10,13,-33266.463579
hill_climbing,10,14,-32322.441378
hill_climbing,10,15,-32813.231018
hill_climbing,10,16,-33387.681147
hill_climbing,10,17,-31537.401424
hill_climbing,10,18,-32870.222803
hill_climbing,10,19,-32240.000147
hill_climbing,10,20,-33350.410794
hill_climbing,10,21,-30675.175714
hill_climbing,10,22,-33022.579981
hill_climbing,10,23,-33477.458409
hill_climbing,10,24,-33717.81692
hill_climbing,10,25,-33051.922756
hill_climbing,10,26,-31859.540692
hill_climbing,10,27,-31795.270651
hill_climbing,10,28,-33364.376895
hill_climbing,10,29,-32210.410512
hill_climbing,11,0,-42098.125351
hill_climbing,11,1,-43425.919064
hill_climbing,11,2,-44618.509239
hill_climbing,11,3,-44459.204882
hill_climbing,11,4,-40525.920015
hill_climbing,11,5,-42193.449177
hill_climbing,11,6,-43656.000254
hill_climbing,11,7,-46749.763226
hill_climbing,11,8,-46667.117393
hill_climbing,11,9,-45590.814459
hill_climbing,11,10,-48049.401779
hill_climbing,11,11,-46639.29446
hill_climbing,11,12,-45718.910663
hill_climbing,11,13,-44414.261455
hill_climbing,11,14,-46429.206842
hill_climbing,11,15,-44959.966798
hill_climbing,11,16,-45088.877018
hill_climbing,11,17,-42698.148824
hill_climbing,11,18,-45507.328221
hill_climbing,11,19,-48317.445649
hill_climbing,11,20,-44840.710606
hill_climbing,11,21,-47874.664057
hill_climbing,11,22,-47785.609117
hill_climbing,11,23,-42508.291908
hill_climbing,11,24,-43496.170783
hill_climbing,11,25,-42546.164202
hill_climbing,11,26,-45683.885034
hill_climbing,11,27,-42547.898196
hill_climbing,11,28,-45349.750258
hill_climbing,11,29,-44169.498099
hill_climbing,12,0,-29776.308753
hill_climbing,12,1,-28872.677765
hill_climbing,12,2,-28394.333843
hill_climbing,12,3,-31477.659854
hill_climbing,12,4,-29838.298066
hill_climbing,12,5,-29848.783213
hill_climbing,12,6,-29883.490056
hill_climbing,12,7,-30193.270502
hill_climbing,12,8,-28261.448859
hill_climbing,12,9,-31690.5321
hill_climbing,12,10,-29533.104586
hill_climbing,12,11,-29490.788189
hill_climbing,12,12,-27994.89946
hill_climbing,12,13,-29252.610215
hill_climbing,12,14,-28241.214709
hill_climbing,12,15,-27838.374409
hill_climbing,12,16,-28399.421583
hill_climbing,12,17,-28529.156959
hill_climbing,12,18,-29276.13945
hill_climbing,12,19,-31471.055519
hill_climbing,12,20,-29641.203534
hill_climbing,12,21,-28854.807407
hill_climbing,12,22,-29978.608886
hill_climbing,12,23,-28049.339999
hill_climbing,12,24,-28351.460346
hill_climbing,12,25,-28217.74021
hill_climbing,12,26,-28985.140986
hill_climbing,12,27,-28334.865503
hill_climbing,12,28,-30475.590009
hill_climbing,12,29,-29109.089657
hill_climbing,13,0,-39015.607425
hill_climbing,13,1,-37061.543595
hill_climbing,13,2,-39893.488443
hill_climbing,13,3,-39690.464432
hill_climbing,13,4,-42872.891492
hill_climbing,13,5,-41011.379398
hill_climbing,13,6,-39294.906798
hill_climbing,13,7,-39501.564869
hill_climbing,13,8,-41385.124859
hill_climbing,13,9,-40897.46567
hill_climbing,13,10,-40669.870341
hill_climbing,13,11,-39633.923711
hill_climbing,13,12,-40388.406879
hill_climbing,13,13,-40674.936429
hill_climbing,13,14,-42190.98356
hill_climbing,13,15,-39070.073482
hill_climbing,13,16,-41629.890253
hill_climbing,13,17,-40986.332627
hill_climbing,13,18,-40393.27713
hill_climbing,13,19,-36559.806851
hill_climbing,13,20,-38476.231751
hill_climbing,13,21,-39774.489257
hill_climbing,13,22,-42783.902763
hill_climbing,13,23,-40916.222045
hill_climbing,13,24,-42426.425302
hill_climbing,13,25,-39042.825412
hill_climbing,13,26,-38154.609642
hill_climbing,13,27,-38044.023485
hill_climbing,13,28,-43823.982131
hill_climbing,13,29,-40179.442709
hill_climbing,14,0,-49581.934551
hill_climbing,14,1,-46730.537765
hill_climbing,14,2,-44522.114838
hill_climbing,14,3,-43719.939904
hill_climbing,14,4,-43929.558118
hill_climbing,14,5,-45857.024165
hill_climbing,14,6,-45042.638816
hill_climbing,14,7,-46282.59267
hill_climbing,14,8,-46502.824037
hill_climbing,14,9,-46677.324711
hill_climbing,14,10,-44586.945865
hill_climbing,14,11,-49586.87425
hill_climbing,14,12,-44955.89516
hill_climbing,14,13,-45751.050387
hill_climbing,14,14,-46254.000862
hill_climbing,14,15,-43201.242221
hill_climbing,14,16,-45738.801252
hill_climbing,14,17,-44718.290066
hill_climbing,14,18,-46753.028339
hill_climbing,14,19,-45132.413899
hill_climbing,14,20,-45885.229843
hill_climbing,14,21,-46485.646284
hill_climbing,14,22,-41070.028768
hill_climbing,14,23,-45963.073724
hill_climbing,14,24,-47484.943745
hill_climbing,14,25,-46750.132503
hill_climbing,14,26,-43407.854451
hill_climbing,14,27,-45921.613583
hill_climbing,14,28,-45936.126699
hill_climbing,14,29,-49230.306537
hill_climbing,15,0,-64377.43119
hill_climbing,15,1,-62391.923644
hill_climbing,15,2,-61717.740957
hill_climbing,15,3,-66914.284768
hill_climbing,15,4,-60379.82628
hill_climbing,15,5,-62566.58526
hill_climbing,15,6,-64936.577068
hill_climbing,15,7,-60963.820959
hill_climbing,15,8,-62735.701568
hill_climbing,15,9,-62789.249675
hill_climbing,15,10,-62133.986901
hill_climbing,15,11,-63251.751367
hill_climbing,15,12,-64795.192757
hill_climbing,15,13,-63647.666324
hill_climbing,15,14,-63309.776581
hill_climbing,15,15,-66554.562627
hill_climbing,15,16,-60424.711037
hill_climbing,15,17,-64551.141917
hill_climbing,15,18,-60577.106449
hill_climbing,15,19,-60240.953483
hill_climbing,15,20,-64597.948756
hill_climbing,15,21,-60048.076299
hill_climbing,15,22,-67109.891376
hill_climbing,15,23,-59164.794345
hill_climbing,15,24,-60159.286193
hill_climbing,15,25,-61537.528295
hill_climbing,15,26,-63085.476518
hill_climbing,15,27,-62775.911791
hill_climbing,15,28,-60378.807793
hill_climbing,15,29,-62065.841231
random_search,0,0,-4897.405381
random_search,0,1,-4809.567537
random_search,0,2,-4952.138528
random_search,0,3,-5094.510656
random_search,0,4,-4765.509667
random_search,0,5,-5533.563424
random_search,0,6,-4863.842955
random_search,0,7,-4504.590046
random_search,0,8,-5777.443201
random_search,0,9,-4874.354868
random_search,0,10,-5427.090304
random_search,0,11,-4560.781866
random_search,0,12,-5091.223013
random_search,0,13,-4728.684443
random_search,0,14,-4433.690605
random_search,0,15,-4912.439906
random_search,0,16,-4868.268261
random_search,0,17,-5082.697714
random_search,0,18,-4862.887328
random_search,0,19,-4827.264967
random_search,0,20,-5031.002314
random_search,0,21,-4943.113582
random_search,0,22,-4662.665406
random_search,0,23,-5787.743607
random_search,0,24,-5345.275652
random_search,0,25,-5178.284485
random_search,0,26,-5112.171396
random_search,0,27,-5282.279428
random_search,0,28,-5675.410474
random_search,0,29,-4702.321223
random_search,1,0,-7056.122726
random_search,1,1,-7050.120673
random_search,1,2,-6630.029032
random_search,1,3,-7736.181479
random_search,1,4,-6602.544949
random_search,1,5,-6764.4003
random_search,1,6,-6270.561103
random_search,1,7,-6853.973307
random_search,1,8,-6564.170827
random_search,1,9,-8848.282394
random_search,1,10,-6375.889649
random_search,1,11,-6350.900255
random_search,1,12,-7914.391856
random_search,1,13,-6312.983173
random_search,1,14,-7065.78659
random_search,1,15,-8340.691305
random_search,1,16,-7067.175531
random_search,1,17,-7042.927714
random_search,1,18,-7561.147924
random_search,1,19,-6228.849526
random_search,1,20,-7318.047262
random_search,1,21,-6515.52303
random_search,1,22,-6319.472032
random_search,1,23,-6658.521983
random_search,1,24,-7612.462064
random_search,1,25,-7065.841398
random_search,1,26,-6204.50944
random_search,1,27,-6373.570105
random_search,1,28,-7641.086399
random_search,1,29,-6908.595584
random_search,2,0,-8518.022898
random_search,2,1,-6270.367276
random_search,2,2,-6720.420883
random_search,2,3,-6538.98932
random_search,2,4,-7141.831822
random_search,2,5,-5910.995052
random_search,2,6,-5975.338254
random_search,2,7,-6617.390779
random_search,2,8,-6128.497763
random_search,2,9,-6525.067289
random_search,2,10,-6672.03978
random_search,2,11,-6500.882529
random_search,2,12,-5932.21651
random_search,2,13,-6523.395665
random_search,2,14,-6040.526147
random_search,2,15,-7236.317548
random_search,2,16,-6017.437981
random_search,2,17,-6331.290024
random_search,2,18,-6532.640358
random_search,2,19,-5679.465914
random_search,2,20,-6053.018871
random_search,2,21,-7059.622439
random_search,2,22,-7698.042411
random_search,2,23,-5836.658035
random_search,2,24,-7130.587697
random_search,2,25,-6805.376674
random_search,2,26,-6704.963659
random_search,2,27,-5940.841332
random_search,2,28,-7232.663441
random_search,2,29,-6197.282404
random_search,3,0,-8887.771543
random_search,3,1,-7534.259203
random_search,3,2,-9600.494619
random_search,3,3,-8330.134482
random_search,3,4,-8625.366497
random_search,3,5,-11784.735862
random_search,3,6,-8284.145183
random_search,3,7,-8025.608781
random_search,3,8,-9313.51506
random_search,3,9,-10293.032929
random_search,3,10,-8921.951811
random_search,3,11,-10680.189371
random_search,3,12,-9044.309607
random_search,3,13,-7863.373575
random_search,3,14,-9159.09482
random_search,3,15,-8537.072741
random_search,3,16,-8768.897815
random_search,3,17,-8879.566137
random_search,3,18,-8202.270243
random_search,3,19,-7657.245669
random_search,3,20,-6929.057116
random_search,3,21,-7623.497678
random_search,3,22,-9060.597091
random_search,3,23,-8915.778979
random_search,3,24,-8866.460385
random_search,3,25,-8221.378155
random_search,3,26,-10088.217056
random_search,3,27,-8607.829123
random_search,3,28,-9369.548064
random_search,3,29,-8454.746196
random_search,4,0,-6207.929297
random_search,4,1,-6231.575856
random_search,4,2,-5769.280028
random_search,4,3,-5571.412508
random_search,4,4,-6284.620576
random_search,4,5,-6535.640187
random_search,4,6,-6529.57966
random_search,4,7,-6681.385352
random_search,4,8,-5697.030918
random_search,4,9,-6098.080605
random_search,4,10,-6315.057108
random_search,4,11,-5613.696816
random_search,4,12,-5663.751416
random_search,4,13,-6130.915106
random_search,4,14,-6732.183385
random_search,4,15,-6102.443849
random_search,4,16,-5936.410807
random_search,4,17,-6349.793659
random_search,4,18,-7054.088578
random_search,4,19,-6580.367563
random_search,4,20,-5640.434183
random_search,4,21,-6120.871058
random_search,4,22,-5920.744993
random_search,4,23,-5946.463624
random_search,4,24,-7352.426163
random_search,4,25,-6087.814838
random_search,4,26,-6499.493931
random_search,4,27,-5980.389021
random_search,4,28,-6803.034856
random_search,4,29,-5667.42373
random_search,5,0,-8743.071589
random_search,5,1,-9149.544599
random_search,5,2,-7042.692134
random_search,5,3,-9463.862299
random_search,5,4,-8239.581942
random_search,5,5,-7811.192168
random_search,5,6,-9464.999765
random_search,5,7,-8475.124716
random_search,5,8,-8041.579812
random_search,5,9,-9088.150988
random_search,5,10,-7923.53868
random_search,5,11,-8734.865202
random_search,5,12,-9775.691999
random_search,5,13,-9826.3256
random_search,5,14,-9741.218446
random_search,5,15,-7148.758988
random_search,5,16,-8254.411332
random_search,5,17,-9378.915602
random_search,5,18,-7699.876775
random_search,5,19,-8677.033906
random_search,5,20,-9877.189938
random_search,5,21,-9413.26247
random_search,5,22,-9421.254514
random_search,5,23,-9987.551212
random_search,5,24,-9586.757999
random_search,5,25,-8510.284135
random_search,5,26,-8522.833684
random_search,5,27,-8474.345289
random_search,5,28,-9529.987408
random_search,5,29,-10806.655762
random_search,6,0,-7662.398542
random_search,6,1,-9284.90174
random_search,6,2,-7950.63238
random_search,6,3,-7686.329283
random_search,6,4,-9534.754796
random_search,6,5,-9209.564041
random_search,6,6,-8882.23447
random_search,6,7,-8262.995509
random_search,6,8,-8795.238707
random_search,6,9,-10051.464598
random_search,6,10,-8377.385484
random_search,6,11,-8681.834677
random_search,6,12,-8826.388646
random_search,6,13,-8987.310279
random_search,6,14,-9519.725625
random_search,6,15,-8087.36002
random_search,6,16,-8020.766364
random_search,6,17,-7913.275074
random_search,6,18,-7362.665464
random_search,6,19,-7572.451484
random_search,6,20,-7814.567271
random_search,6,21,-8819.869247
random_search,6,22,-8746.521333
random_search,6,23,-9067.448912
random_search,6,24,-7558.376437
random_search,6,25,-8596.179406
random_search,6,26,-7439.371365
random_search,6,27,-9183.439174
random_search,6,28,-7662.909286
random_search,6,29,-8428.47994
random_search,7,0,-12430.769756
random_search,7,1,-13148.976054
random_search,7,2,-11928.290906
random_search,7,3,-12796.3086
random_search,7,4,-9950.151969
random_search,7,5,-13303.759513
random_search,7,6,-16607.376823
random_search,7,7,-9997.898666
random_search,7,8,-12646.74823
random_search,7,9,-11269.31726
random_search,7,10,-11906.767206
random_search,7,11,-13282.339045
random_search,7,12,-10909.882139
random_search,7,13,-11652.832897
random_search,7,14,-10224.204043
random_search,7,15,-10096.19385
random_search,7,16,-10152.776844
random_search,7,17,-12356.902686
random_search,7,18,-11292.847967
random_search,7,19,-11877.456757
random_search,7,20,-11137.449764
random_search,7,21,-11060.138246
random_search,7,22,-12147.310093
random_search,7,23,-12095.581238
random_search,7,24,-10576.578579
random_search,7,25,-10573.270083
random_search,7,26,-9944.480021
random_search,7,27,-13730.843063
random_search,7,28,-10810.68225
random_search,7,29,-11499.327125
random_search,8,0,-7640.504279
random_search,8,1,-6636.172645
random_search,8,2,-6744.357543
random_search,8,3,-6577.659259
random_search,8,4,-6765.150454
random_search,8,5,-6393.399207
random_search,8,6,-6654.590709
random_search,8,7,-6180.306988
random_search,8,8,-6507.907001
random_search,8,9,-6533.324313
random_search,8,10,-6343.172654
random_search,8,11,-6912.773615
random_search,8,12,-6783.395193
random_search,8,13,-6347.593505
random_search,8,14,-6643.639649
random_search,8,15,-5669.651828
random_search,8,16,-6183.497539
random_search,8,17,-7500.278005
random_search,8,18,-6318.019315
random_search,8,19,-7448.169162
random_search,8,20,-6294.405677
random_search,8,21,-6843.159574
random_search,8,22,-6142.869716
random_search,8,23,-6208.455615
random_search,8,24,-7096.982926
random_search,8,25,-8865.86491
random_search,8,26,-5888.25885
random_search,8,27,-7029.357187
random_search,8,28,-6689.261021
random_search,8,29,-6663.475428
random_search,9,0,-10038.75132
random_search,9,1,-8562.187868
random_search,9,2,-7970.749275
random_search,9,3,-8375.705787
random_search,9,4,-8098.04039
random_search,9,5,-8856.445382
random_search,9,6,-8573.336008
random_search,9,7,-8815.163795
random_search,9,8,-7679.999819
random_search,9,9,-7421.022466
random_search,9,10,-7862.485696
random_search,9,11,-8506.115295
random_search,9,12,-9446.287125
random_search,9,13,-9302.090117
random_search,9,14,-8234.246874
random_search,9,15,-8251.189052
random_search,9,16,-8125.967757
random_search,9,17,-8715.363052
random_search,9,18,-9193.268158
random_search,9,19,-9136.181517
random_search,9,20,-10526.650652
random_search,9,21,-8954.309808
random_search,9,22,-8788.369772
random_search,9,23,-8140.505518
random_search,9,24,-8032.701615
random_search,9,25,-9278.098797
random_search,9,26,-8739.953823
random_search,9,27,-8277.62291
random_search,9,28,-7780.697174
random_search,9,29,-8092.001276
random_search,10,0,-7599.877946
random_search,10,1,-8184.775678
random_search,10,2,-9116.383964
random_search,10,3,-9547.782604
random_search,10,4,-8057.452959
random_search,10,5,-9049.921396
random_search,10,6,-8366.944219
random_search,10,7,-7419.793329
random_search,10,8,-10569.827304
random_search,10,9,-7939.275805
random_search,10,10,-9377.092936
random_search,10,11,-9128.056726
random_search,10,12,-8232.642637
random_search,10,13,-9379.05512
random_search,10,14,-8475.650945
random_search,10,15,-8207.342591
random_search,10,16,-8899.468967
random_search,10,17,-8668.694329
random_search,10,18,-8846.680252
random_search,10,19,-8640.733148
random_search,10,20,-10208.007611
random_search,10,21,-9171.570671
random_search,10,22,-7993.162383
random_search,10,23,-8214.527352
random_search,10,24,-11033.006437
random_search,10,25,-8071.27206
random_search,10,26,-8771.257977
random_search,10,27,-7940.024465
random_search,10,28,-9002.114805
random_search,10,29,-7870.792108
random_search,11,0,-11942.87947
random_search,11,1,-10818.795246
random_search,11,2,-10495.604826
random_search,11,3,-12443.759549
random_search,11,4,-11133.269535
random_search,11,5,-11753.780525
random_search,11,6,-12697.289195
random_search,11,7,-13887.050874
random_search,11,8,-10348.016769
random_search,11,9,-12729.915867
random_search,11,10,-14800.150711
random_search,11,11,-11256.845353
random_search,11,12,-12738.812334
random_search,11,13,-11491.696965
random_search,11,14,-11560.105667
random_search,11,15,-10328.394085
random_search,11,16,-11780.479609
random_search,11,17,-9766.144552
random_search,11,18,-12098.133888
random_search,11,19,-11502.962299
random_search,11,20,-11497.836804
random_search,11,21,-12064.940621
random_search,11,22,-14259.475136
random_search,11,23,-13955.96933
random_search,11,24,-9949.290036
random_search,11,25,-10862.44717
random_search,11,26,-11381.181486
random_search,11,27,-12566.33008
random_search,11,28,-10894.213985
random_search,11,29,-13801.38874
random_search,12,0,-9803.845807
random_search,12,1,-7922.987076
random_search,12,2,-7400.303045
random_search,12,3,-8095.318483
random_search,12,4,-8372.316048
random_search,12,5,-9823.013531
random_search,12,6,-8481.290897
random_search,12,7,-8208.676901
random_search,12,8,-8722.696625
random_search,12,9,-8436.279782
random_search,12,10,-10852.47899
random_search,12,11,-7802.306238
random_search,12,12,-8800.674746
random_search,12,13,-9771.595589
random_search,12,14,-7662.259981
random_search,12,15,-8629.289271
random_search,12,16,-8170.414654
random_search,12,17,-8229.764291
random_search,12,18,-7612.884366
random_search,12,19,-8659.846249
random_search,12,20,-7716.362531
random_search,12,21,-8290.281044
random_search,12,22,-8566.633399
random_search,12,23,-9239.1633
random_search,12,24,-7686.450333
random_search,12,25,-9310.290795
random_search,12,26,-7842.973628
random_search,12,27,-8459.59311
random_search,12,28,-7111.958683
random_search,12,29,-10347.737009
random_search,13,0,-10649.206646
random_search,13,1,-11156.9457
random_search,13,2,-11095.747663
random_search,13,3,-9972.833829
random_search,13,4,-14557.397866
random_search,13,5,-12299.914498
random_search,13,6,-12339.490502
random_search,13,7,-13934.054024
random_search,13,8,-10431.809534
random_search,13,9,-12334.360834
random_search,13,10,-12068.207472
random_search,13,11,-12005.328233
random_search,13,12,-10732.740958
random_search,13,13,-12717.267195
random_search,13,14,-12209.829517
random_search,13,15,-13809.055499
random_search,13,16,-11716.647663
random_search,13,17,-12218.981574
random_search,13,18,-11801.371167
random_search,13,19,-13716.189636
random_search,13,20,-10750.968538
random_search,13,21,-10834.461043
random_search,13,22,-12134.338111
random_search,13,23,-16192.876536
random_search,13,24,-10139.35679
random_search,13,25,-11103.605761
random_search,13,26,-11239.024664
random_search,13,27,-9992.128865
random_search,13,28,-13712.508215
random_search,13,29,-13938.243341
random_search,14,0,-10789.149711
random_search,14,1,-12726.260634
random_search,14,2,-13350.015918
random_search,14,3,-12494.959268
random_search,14,4,-11434.318715
random_search,14,5,-10247.214762
random_search,14,6,-10100.823268
random_search,14,7,-11600.332646
random_search,14,8,-10852.693102
random_search,14,9,-11060.179883
random_search,14,10,-10885.305657
random_search,14,11,-11600.385079
random_search,14,12,-11350.433534
random_search,14,13,-12657.320243
random_search,14,14,-12119.874717
random_search,14,15,-13215.552042
random_search,14,16,-10931.849339
random_search,14,17,-11818.073859
random_search,14,18,-13030.999571
random_search,14,19,-11501.621088
random_search,14,20,-10634.911442
random_search,14,21,-11045.270782
random_search,14,22,-11434.86295
random_search,14,23,-12703.695509
random_search,14,24,-11737.839569
random_search,14,25,-15568.36413
random_search,14,26,-11083.239943
random_search,14,27,-11365.518396
random_search,14,28,-11720.625127
random_search,14,29,-12684.599663
random_search,15,0,-16701.08565
random_search,15,1,-21416.189276
random_search,15,2,-15470.116604
random_search,15,3,-15204.086482
random_search,15,4,-18333.771716
random_search,15,5,-14373.337746
random_search,15,6,-18860.088686
random_search,15,7,-14744.42116
random_search,15,8,-13445.603056
random_search,15,9,-14288.429748
random_search,15,10,-17253.785824
random_search,15,11,-18267.822845
random_search,15,12,-16153.263367
random_search,15,13,-14843.338772
random_search,15,14,-17109.229665
random_search,15,15,-12689.43742
random_search,15,16,-14551.2425
random_search,15,17,-15304.260435
random_search,15,18,-12824.632103
random_search,15,19,-14071.788392
random_search,15,20,-14666.998441
random_search,15,21,-15432.874532
random_search,15,22,-15717.41678
random_search,15,23,-17319.599366
random_search,15,24,-18182.957891
random_search,15,25,-17621.934854
random_search,15,26,-20179.113216
random_search,15,27,-17546.990603
random_search,15,28,-12900.188153
random_search,15,29,-16681.860687
simulated_annealing,0,0,-12317.728873
simulated_annealing,0,1,-12814.777874
simulated_annealing,0,2,-12930.537791
simulated_annealing,0,3,-12706.248148
simulated_annealing,0,4,-12848.039955
simulated_annealing,0,5,-12735.653496
simulated_annealing,0,6,-10888.492
simulated_annealing,0,7,-12762.502553
simulated_annealing,0,8,-12599.490234
simulated_annealing,0,9,-12184.352253
simulated_annealing,0,10,-12817.237437
simulated_annealing,0,11,-12184.352253
simulated_annealing,0,12,-12754.767342
simulated_annealing,0,13,-12706.248148
simulated_annealing,0,14,-12762.502553
simulated_annealing,0,15,-12477.698027
simulated_annealing,0,16,-12817.237437
simulated_annealing,0,17,-12395.684654
simulated_annealing,0,18,-12848.039955
simulated_annealing,0,19,-12930.537791
simulated_annealing,0,20,-12848.039955
simulated_annealing,0,21,-11834.394253
simulated_annealing,0,22,-12061.919579
simulated_annealing,0,23,-12666.187265
simulated_annealing,0,24,-12039.92749
simulated_annealing,0,25,-12146.963736
simulated_annealing,0,26,-12134.216216
simulated_annealing,0,27,-12699.541368
simulated_annealing,0,28,-12682.625976
simulated_annealing,0,29,-12762.502553
simulated_annealing,1,0,-17168.693928
simulated_annealing,1,1,-16963.29933
simulated_annealing,1,2,-16654.237989
simulated_annealing,1,3,-17221.776184
simulated_annealing,1,4,-16395.086204
simulated_annealing,1,5,-15623.651194
simulated_annealing,1,6,-16598.709169
simulated_annealing,1,7,-17452.048794
simulated_annealing,1,8,-16860.881527
simulated_annealing,1,9,-16149.577894
simulated_annealing,1,10,-16653.359445
simulated_annealing,1,11,-17209.183794
simulated_annealing,1,12,-15822.069158
simulated_annealing,1,13,-15937.652942
simulated_annealing,1,14,-16769.120296
simulated_annealing,1,15,-17821.029225
simulated_annealing,1,16,-15669.69737
simulated_annealing,1,17,-16108.28189
simulated_annealing,1,18,-17323.132043
simulated_annealing,1,19,-17073.730369
simulated_annealing,1,20,-17245.373158
simulated_annealing,1,21,-16215.124717
simulated_annealing,1,22,-16564.601828
simulated_annealing,1,23,-16214.740254
simulated_annealing,1,24,-15769.66394
simulated_annealing,1,25,-15268.7423
simulated_annealing,1,26,-16272.184073
simulated_annealing,1,27,-16300.116864
simulated_annealing,1,28,-17162.345787
simulated_annealing,1,29,-16568.800558
simulated_annealing,2,0,-17495.555881
simulated_annealing,2,1,-17678.535763
simulated_annealing,2,2,-16662.879469
simulated_annealing,2,3,-17454.734868
simulated_annealing,2,4,-16241.472547
simulated_annealing,2,5,-17223.750021
simulated_annealing,2,6,-17493.488367
simulated_annealing,2,7,-16347.555139
simulated_annealing,2,8,-17464.101535
simulated_annealing,2,9,-17199.777319
simulated_annealing,2,10,-16279.462683
simulated_annealing,2,11,-17808.648157
simulated_annealing,2,12,-17822.729924
simulated_annealing,2,13,-18131.706869
simulated_annealing,2,14,-17911.448892
simulated_annealing,2,15,-17556.6676
simulated_annealing,2,16,-17690.055169
simulated_annealing,2,17,-15929.707161
simulated_annealing,2,18,-17600.969718
simulated_annealing,2,19,-16898.135421
simulated_annealing,2,20,-16238.105997
simulated_annealing,2,21,-17514.267463
simulated_annealing,2,22,-18092.057281
simulated_annealing,2,23,-17858.877722
simulated_annealing,2,24,-17228.324697
simulated_annealing,2,25,-16978.228248
simulated_annealing,2,26,-17577.385246
simulated_annealing,2,27,-16821.133016
simulated_annealing,2,28,-16431.713949
simulated_annealing,2,29,-17973.89857
simulated_annealing,3,0,-21639.229217
simulated_annealing,3,1,-23452.502494
simulated_annealing,3,2,-22097.652345
simulated_annealing,3,3,-22389.023306
simulated_annealing,3,4,-22684.539459
simulated_annealing,3,5,-23392.64256
simulated_annealing,3,6,-22965.754276
simulated_annealing,3,7,-22996.622233
simulated_annealing,3,8,-21390.088894
simulated_annealing,3,9,-21054.540415
simulated_annealing,3,10,-22313.710818
simulated_annealing,3,11,-22758.809324
simulated_annealing,3,12,-24517.198473
simulated_annealing,3,13,-22547.637944
simulated_annealing,3,14,-22663.458951
simulated_annealing,3,15,-21645.48232
simulated_annealing,3,16,-22037.875493
simulated_annealing,3,17,-24379.752861
simulated_annealing,3,18,-23026.920425
simulated_annealing,3,19,-22482.293957
simulated_annealing,3,20,-22217.687493
simulated_annealing,3,21,-22502.057934
simulated_annealing,3,22,-23104.72856
simulated_annealing,3,23,-21750.35395
simulated_annealing,3,24,-23487.153783
simulated_annealing,3,25,-23207.292239
simulated_annealing,3,26,-21399.907964
simulated_annealing,3,27,-22075.079195
simulated_annealing,3,28,-22963.065456
simulated_annealing,3,29,-21466.054654
simulated_annealing,4,0,-14308.362751
simulated_annealing,4,1,-14750.980457
simulated_annealing,4,2,-16071.768489
simulated_annealing,4,3,-15787.831964
simulated_annealing,4,4,-15332.7112
simulated_annealing,4,5,-15223.509642
simulated_annealing,4,6,-15960.821273
simulated_annealing,4,7,-15236.234424
simulated_annealing,4,8,-15210.745229
simulated_annealing,4,9,-15024.789616
simulated_annealing,4,10,-15942.533113
simulated_annealing,4,11,-15157.456392
simulated_annealing,4,12,-14975.828685
simulated_annealing,4,13,-14946.553894
simulated_annealing,4,14,-15136.104942
simulated_annealing,4,15,-15273.776817
simulated_annealing,4,16,-15069.173313
simulated_annealing,4,17,-14895.576656
simulated_annealing,4,18,-15238.848223
simulated_annealing,4,19,-14251.775346
simulated_annealing,4,20,-15548.643232
simulated_annealing,4,21,-14922.028119
simulated_annealing,4,22,-15072.427687
simulated_annealing,4,23,-15726.673311
simulated_annealing,4,24,-15330.046486
simulated_annealing,4,25,-14666.992319
simulated_annealing,4,26,-14923.760124
simulated_annealing,4,27,-15017.34879
simulated_annealing,4,28,-14009.307637
simulated_annealing,4,29,-14290.503209
simulated_annealing,5,0,-22237.009141
simulated_annealing,5,1,-21085.758346
simulated_annealing,5,2,-22945.060768
simulated_annealing,5,3,-22195.836684
simulated_annealing,5,4,-20115.119385
simulated_annealing,5,5,-20438.038761
simulated_annealing,5,6,-21679.434594
simulated_annealing,5,7,-21243.181532
simulated_annealing,5,8,-21374.000205
simulated_annealing,5,9,-21457.023535
simulated_annealing,5,10,-21390.479072
simulated_annealing,5,11,-22141.201422
simulated_annealing,5,12,-21275.372461
simulated_annealing,5,13,-23495.139037
simulated_annealing,5,14,-22469.541263
simulated_annealing,5,15,-22314.912536
simulated_annealing,5,16,-20485.638558
simulated_annealing,5,17,-21213.400054
simulated_annealing,5,18,-22396.731949
simulated_annealing,5,19,-20541.099022
simulated_annealing,5,20,-22144.503459
simulated_annealing,5,21,-21579.137693
simulated_annealing,5,22,-22280.179318
simulated_annealing,5,23,-21153.658439
simulated_annealing,5,24,-21628.566356
simulated_annealing,5,25,-20531.96543
simulated_annealing,5,26,-21301.534794
simulated_annealing,5,27,-20554.874248
simulated_annealing,5,28,-23213.553594
simulated_annealing,5,29,-21269.611501
simulated_annealing,6,0,-22797.846036
simulated_annealing,6,1,-22094.860853
simulated_annealing,6,2,-21016.840076
simulated_annealing,6,3,-20202.040546
simulated_annealing,6,4,-22956.604354
simulated_annealing,6,5,-22688.754635
simulated_annealing,6,6,-23607.782314
simulated_annealing,6,7,-22205.342079
simulated_annealing,6,8,-22644.52477
simulated_annealing,6,9,-20585.133864
simulated_annealing,6,10,-20806.8124
simulated_annealing,6,11,-23062.157443
simulated_annealing,6,12,-23256.507496
simulated_annealing,6,13,-23603.379142
simulated_annealing,6,14,-20109.352824
simulated_annealing,6,15,-21958.451408
simulated_annealing,6,16,-22164.794563
simulated_annealing,6,17,-21158.007194
simulated_annealing,6,18,-22074.628863
simulated_annealing,6,19,-22483.903101
simulated_annealing,6,20,-24701.335331
simulated_annealing,6,21,-22584.995851
simulated_annealing,6,22,-21155.206595
simulated_annealing,6,23,-24539.578592
simulated_annealing,6,24,-23666.550119
simulated_annealing,6,25,-21081.939275
simulated_annealing,6,26,-21584.508138
simulated_annealing,6,27,-22185.502581
simulated_annealing,6,28,-24870.048204
simulated_annealing,6,29,-20835.269723
simulated_annealing,7,0,-31393.257937
simulated_annealing,7,1,-30447.329291
simulated_annealing,7,2,-29761.758141
simulated_annealing,7,3,-30044.825215
simulated_annealing,7,4,-34225.173182
simulated_annealing,7,5,-28867.660259
simulated_annealing,7,6,-32041.995663
simulated_annealing,7,7,-31645.945562
simulated_annealing,7,8,-32899.636937
simulated_annealing,7,9,-31826.919688
simulated_annealing,7,10,-30664.772347
simulated_annealing,7,11,-33594.2517
simulated_annealing,7,12,-31226.502526
simulated_annealing,7,13,-32746.764254
simulated_annealing,7,14,-33165.024755
simulated_annealing,7,15,-30463.353996
simulated_annealing,7,16,-32234.005552
simulated_annealing,7,17,-32099.592357
simulated_annealing,7,18,-30970.853292
simulated_annealing,7,19,-30980.334946
simulated_annealing,7,20,-32086.144655
simulated_annealing,7,21,-32895.650389
simulated_annealing,7,22,-29287.439461
simulated_annealing,7,23,-32228.607409
simulated_annealing,7,24,-33287.874347
simulated_annealing,7,25,-32747.141971
simulated_annealing,7,26,-31605.88496
simulated_annealing,7,27,-31548.84617
simulated_annealing,7,28,-32085.744187
simulated_annealing,7,29,-34998.424422
simulated_annealing,8,0,-23434.710269
simulated_annealing,8,1,-22924.933174
simulated_annealing,8,2,-22986.476689
simulated_annealing,8,3,-22920.136733
simulated_annealing,8,4,-23137.464137
simulated_annealing,8,5,-22820.623786
simulated_annealing,8,6,-24300.03264
simulated_annealing,8,7,-22071.657708
simulated_annealing,8,8,-23007.33853
simulated_annealing,8,9,-22776.801072
simulated_annealing,8,10,-22907.350472
simulated_annealing,8,11,-22662.500536
simulated_annealing,8,12,-22379.858873
simulated_annealing,8,13,-23098.660867
simulated_annealing,8,14,-22518.50405
simulated_annealing,8,15,-23899.507586
simulated_annealing,8,16,-22671.389827
simulated_annealing,8,17,-21961.413064
simulated_annealing,8,18,-22635.878024
simulated_annealing,8,19,-22796.211234
simulated_annealing,8,20,-24133.676317
simulated_annealing,8,21,-23062.592917
simulated_annealing,8,22,-23307.302564
simulated_annealing,8,23,-21392.218132
simulated_annealing,8,24,-23121.425923
simulated_annealing,8,25,-23872.30501
simulated_annealing,8,26,-22771.38485
simulated_annealing,8,27,-23415.420448
simulated_annealing,8,28,-22702.031531
simulated_annealing,8,29,-23521.566425
simulated_annealing,9,0,-32045.798914
simulated_annealing,9,1,-31412.202554
simulated_annealing,9,2,-31522.30905
simulated_annealing,9,3,-31823.922897
simulated_annealing,9,4,-31136.883222
simulated_annealing,9,5,-33601.400163
simulated_annealing,9,6,-30630.131202
simulated_annealing,9,7,-30597.022175
simulated_annealing,9,8,-29945.861077
simulated_annealing,9,9,-29910.963488
simulated_annealing,9,10,-28734.877484
simulated_annealing,9,11,-29747.164966
simulated_annealing,9,12,-32661.175597
simulated_annealing,9,13,-29956.350587
simulated_annealing,9,14,-30646.936187
simulated_annealing,9,15,-32428.456836
simulated_annealing,9,16,-31684.215236
simulated_annealing,9,17,-31119.0773
simulated_annealing,9,18,-30922.298583
simulated_annealing,9,19,-31430.947637
simulated_annealing,9,20,-27998.865241
simulated_annealing,9,21,-29579.818449
simulated_annealing,9,22,-32041.104085
simulated_annealing,9,23,-27991.791447
simulated_annealing,9,24,-28963.294341
simulated_annealing,9,25,-30756.356978
simulated_annealing,9,26,-30677.419148
simulated_annealing,9,27,-29623.934659
simulated_annealing,9,28,-26911.772663
simulated_annealing,9,29,-31233.081566
simulated_annealing,10,0,-32682.769029
simulated_annealing,10,1,-29318.961639
simulated_annealing,10,2,-32994.530711
simulated_annealing,10,3,-30360.793889
simulated_annealing,10,4,-32114.936899
simulated_annealing,10,5,-33185.769345
simulated_annealing,10,6,-31650.038608
simulated_annealing,10,7,-31333.608109
simulated_annealing,10,8,-31528.167581
simulated_annealing,10,9,-31137.585864
simulated_annealing,10,10,-34178.047634
simulated_annealing,10,11,-31151.299869
simulated_annealing,10,12,-33022.866985
simulated_annealing,10,13,-30997.687762
simulated_annealing,10,14,-31734.552052
simulated_annealing,10,15,-31133.569386
simulated_annealing,10,16,-31331.482419
simulated_annealing,10,17,-31542.74706
simulated_annealing,10,18,-32364.241848
simulated_annealing,10,19,-30949.557232
simulated_annealing,10,20,-31659.133085
simulated_annealing,10,21,-31738.376234
simulated_annealing,10,22,-34144.006874
simulated_annealing,10,23,-33342.35542
simulated_annealing,10,24,-34491.16447
simulated_annealing,10,25,-31627.81827
simulated_annealing,10,26,-32467.741579
simulated_annealing,10,27,-33835.076399
simulated_annealing,10,28,-33381.991287
simulated_annealing,10,29,-32741.551618
simulated_annealing,11,0,-46027.045842
simulated_annealing,11,1,-44079.457535
simulated_annealing,11,2,-39969.171003
simulated_annealing,11,3,-44371.201
simulated_annealing,11,4,-44002.421712
simulated_annealing,11,5,-44293.794274
simulated_annealing,11,6,-46367.904302
simulated_annealing,11,7,-45270.047247
simulated_annealing,11,8,-44010.809369
simulated_annealing,11,9,-44189.767144
simulated_annealing,11,10,-43990.875275
simulated_annealing,11,11,-45559.964091
simulated_annealing,11,12,-44355.457357
simulated_annealing,11,13,-39673.622528
simulated_annealing,11,14,-42970.902685
simulated_annealing,11,15,-46900.18267
simulated_annealing,11,16,-43717.115536
simulated_annealing,11,17,-45216.697399
simulated_annealing,11,18,-45281.939029
simulated_annealing,11,19,-39970.331977
simulated_annealing,11,20,-44730.643975
simulated_annealing,11,21,-43531.156206
simulated_annealing,11,22,-45859.348599
simulated_annealing,11,23,-48295.552114
simulated_annealing,11,24,-44238.004285
simulated_annealing,11,25,-43136.009963
simulated_annealing,11,26,-43991.884558
simulated_annealing,11,27,-41316.827134
simulated_annealing,11,28,-45260.997606
simulated_annealing,11,29,-47335.82058
simulated_annealing,12,0,-31304.441136
simulated_annealing,12,1,-31078.988996
simulated_annealing,12,2,-31773.669528
simulated_annealing,12,3,-31201.77919
simulated_annealing,12,4,-30218.082449
simulated_annealing,12,5,-29059.08371
simulated_annealing,12,6,-32472.535835
simulated_annealing,12,7,-31572.742039
simulated_annealing,12,8,-29011.764155
simulated_annealing,12,9,-30845.376665
simulated_annealing,12,10,-31135.953728
simulated_annealing,12,11,-29631.337604
simulated_annealing,12,12,-31804.630211
simulated_annealing,12,13,-33157.431088
simulated_annealing,12,14,-33145.49121
simulated_annealing,12,15,-31374.563336
simulated_annealing,12,16,-30482.788476
simulated_annealing,12,17,-33367.609529
simulated_annealing,12,18,-31990.284362
simulated_annealing,12,19,-30509.991287
simulated_annealing,12,20,-31169.781472
simulated_annealing,12,21,-29937.21482
simulated_annealing,12,22,-31981.195894
simulated_annealing,12,23,-28830.492108
simulated_annealing,12,24,-28701.232482
simulated_annealing,12,25,-33033.235318
simulated_annealing,12,26,-29899.258024
simulated_annealing,12,27,-32883.228582
simulated_annealing,12,28,-30405.568818
simulated_annealing,12,29,-32433.752819
simulated_annealing,13,0,-36888.577517
simulated_annealing,13,1,-40632.318911
simulated_annealing,13,2,-41026.527375
simulated_annealing,13,3,-41173.03913
simulated_annealing,13,4,-43178.737311
simulated_annealing,13,5,-37199.682769
simulated_annealing,13,6,-36398.470314
simulated_annealing,13,7,-38170.443558
simulated_annealing,13,8,-36371.648428
simulated_annealing,13,9,-37729.33433
simulated_annealing,13,10,-36396.176385
simulated_annealing,13,11,-38279.312135
simulated_annealing,13,12,-39090.050926
simulated_annealing,13,13,-41430.15059
simulated_annealing,13,14,-40285.610956
simulated_annealing,13,15,-40003.187055
simulated_annealing,13,16,-40474.206278
simulated_annealing,13,17,-38983.574731
simulated_annealing,13,18,-42873.878398
simulated_annealing,13,19,-41117.865238
simulated_annealing,13,20,-41930.795854
simulated_annealing,13,21,-39945.314389
simulated_annealing,13,22,-40536.331081
simulated_annealing,13,23,-40782.567681
simulated_annealing,13,24,-41958.686074
simulated_annealing,13,25,-40149.437635
simulated_annealing,13,26,-39742.189512
simulated_annealing,13,27,-40991.570686
simulated_annealing,13,28,-43159.766991
simulated_annealing,13,29,-38804.632198
simulated_annealing,14,0,-45093.812642
simulated_annealing,14,1,-45419.312
simulated_annealing,14,2,-45626.56445
simulated_annealing,14,3,-45442.683563
simulated_annealing,14,4,-41856.876063
simulated_annealing,14,5,-44925.374
simulated_annealing,14,6,-44888.876949
simulated_annealing,14,7,-49710.612012
simulated_annealing,14,8,-46102.14909
simulated_annealing,14,9,-46163.777135
simulated_annealing,14,10,-45229.48814
simulated_annealing,14,11,-39758.417662
simulated_annealing,14,12,-44421.226054
simulated_annealing,14,13,-44374.278849
simulated_annealing,14,14,-44859.348038
simulated_annealing,14,15,-45499.953513
simulated_annealing,14,16,-42328.617387
simulated_annealing,14,17,-46769.755029
simulated_annealing,14,18,-45463.594717
simulated_annealing,14,19,-45079.740541
simulated_annealing,14,20,-45823.909235
simulated_annealing,14,21,-45890.206982
simulated_annealing,14,22,-49148.416515
simulated_annealing,14,23,-47803.390379
simulated_annealing,14,24,-47140.698248
simulated_annealing,14,25,-50637.732376
simulated_annealing,14,26,-45372.879957
simulated_annealing,14,27,-45518.359157
simulated_annealing,14,28,-50148.632153
simulated_annealing,14,29,-48352.366873
simulated_annealing,15,0,-59376.744589
simulated_annealing,15,1,-60210.021908
simulated_annealing,15,2,-61620.211811
simulated_annealing,15,3,-62920.981505
simulated_annealing,15,4,-58414.491341
simulated_annealing,15,5,-59554.956773
simulated_annealing,15,6,-60874.750783
simulated_annealing,15,7,-62592.72682
simulated_annealing,15,8,-60229.240479
simulated_annealing,15,9,-63287.041804
simulated_annealing,15,10,-58944.158892
simulated_annealing,15,11,-62462.264753
simulated_annealing,15,12,-60640.28619
simulated_annealing,15,13,-59155.130665
simulated_annealing,15,14,-60688.770394
simulated_annealing,15,15,-65578.090676
simulated_annealing,15,16,-60948.093405
simulated_annealing,15,17,-58470.534301
simulated_annealing,15,18,-59952.557449
simulated_annealing,15,19,-62169.698459
simulated_annealing,15,20,-61333.721017
simulated_annealing,15,21,-63515.396246
simulated_annealing,15,22,-60366.95519
simulated_annealing,15,23,-60687.316454
simulated_annealing,15,24,-61516.916084
simulated_annealing,15,25,-61952.537845
simulated_annealing,15,26,-59361.816236
simulated_annealing,15,27,-64478.741713
simulated_annealing,15,28,-66688.23575
simulated_annealing,15,29,-63176.17118
